{
  "project_info": {
    "project_number": "962830007099",
    "project_id": "appgeolocalizacao-c9412",
    "storage_bucket": "appgeolocalizacao-c9412.appspot.com"
  },
  "client": [
    {
      "client_info": {
        "mobilesdk_app_id": "1:962830007099:android:16ba8f675f9cdbcb86551e",
        "android_client_info": {
          "package_name": "com.mycompany.appgeolocalizacao"
        }
      },
      "oauth_client": [
        {
          "client_id": "962830007099-28lql2sjemke4fvkbfjol1mk3p9ldame.apps.googleusercontent.com",
          "client_type": 1,
          "android_info": {
            "package_name": "com.mycompany.appgeolocalizacao",
            "certificate_hash": "9bbb3186b2189ef16d8f272bdab59362c395cbb4"
          }
        },
        {
          "client_id": "962830007099-0ognpmtqhdsvn7s8fi7vrfvrfmif65h6.apps.googleusercontent.com",
          "client_type": 3
        }
      ],
      "api_key": [
        {
          "current_key": "AIzaSyByf48nDDkQXbWQxAr7z8w96u-94gi7DyU"
        }
      ],
      "services": {
        "appinvite_service": {
          "other_platform_oauth_client": [
            {
              "client_id": "962830007099-0ognpmtqhdsvn7s8fi7vrfvrfmif65h6.apps.googleusercontent.com",
              "client_type": 3
            },
            {
              "client_id": "962830007099-rnmpp2p6rk41tthr7utburdrbv1t4mjl.apps.googleusercontent.com",
              "client_type": 2,
              "ios_info": {
                "bundle_id": "com.mycompany.appgeolocalizacao"
              }
            }
          ]
        }
      }
    }
  ],
  "configuration_version": "1"
}